lr_table,$,%,(,),*,+,",",-,/,;,<,=,>,[,],arithmetic_expression,array_declaration,array_declaration_assign,array_end,array_value,assignment_array_value,assignment_expression,assignment_init,assignment_operator,assignment_value,break,char,compound_statement,constant_expression,continue,declaration,declaration_assign,declaration_init,declaration_init_list,double,else,expression,expression_list,expression_profix,expression_statement,external_declaration,for,function,function_declaration,function_declaration_list,function_declaration_suffix,function_definition,function_expression,identifier,if,int,iteration_statement,jump_statement,number,operator,primary_expression,print,return,scanf,selection_statement,start,start1,statement,statement_list,type_specifier,while,{,}
0, , , , , , , , , , , , , , , , , , , , , , , , , , ,"('s', 5)", , , ,"('g', 4)", , , ,"('s', 2)", , , , , ,"('g', 6)", ,"('s', 9)", , , ,"('g', 8)", , , ,"('s', 7)", , , , , , , , , ,"('g', 1)", , , ,"('g', 3)", , , 
1, , , , , , , , , , , , , , , , , , , , , , , , , , , , , , , , , , , , , , , , , , , , , , , , , , , , , , , , , , , , , , , , , , , , 
2, , , , , , , , , , , , , , , , , , , , , , , , , , , , , , , , , , , , , , , , , , , , , , , , ,"('r', 39)", , , , , , , , , , , , , , , , , , , 
3, , , , , , , , , , , , , , , , , , , , , , , , , , , , , , , , ,"('g', 10)", , , , , , , , , , , , , , , ,"('s', 11)", , , , , , , , , , , , , , , , , , , 
4, , , , , , , , , , , , , , , , , , , , , , , , , , ,"('r', 79)", , , , , , , ,"('r', 79)", , , , , , , ,"('r', 79)", , , , , , , ,"('r', 79)", , , , , , , , , , , , , , , , , 
5, , , , , , , , , , , , , , , , , , , , , , , , , , , , , , , , , , , , , , , , , , , , , , , , ,"('r', 37)", , , , , , , , , , , , , , , , , , , 
6, , , , , , , , , , , , , , , , , , , , , , , , , , ,"('s', 5)", , , ,"('g', 4)", , , ,"('s', 2)", , , , , ,"('g', 6)", ,"('s', 9)", , , ,"('g', 8)", , , ,"('s', 7)", , , , , , , , , ,"('g', 12)", , , ,"('g', 3)", , , 
7, , , , , , , , , , , , , , , , , , , , , , , , , , , , , , , , , , , , , , , , , , , , , , , , ,"('r', 38)", , , , , , , , , , , , , , , , , , , 
8, , , , , , , , , , , , , , , , , , , , , , , , , , ,"('r', 78)", , , , , , , ,"('r', 78)", , , , , , , ,"('r', 78)", , , , , , , ,"('r', 78)", , , , , , , , , , , , , , , , , 
9, , , , , , , , , , , , , , , , , , , , , , , , , , ,"('s', 5)", , , , , , , ,"('s', 2)", , , , , , , , , , , , , , , ,"('s', 7)", , , , , , , , , , , , , ,"('g', 13)", , , 
10, , , , , , ,"('s', 14)", , ,"('r', 46)", , , , , , , , , , , , , , , , , , , , , , , ,"('g', 15)", , , , , , , , , , , , , , , , , , , , , , , , , , , , , , , , , , 
11, , , , , , ,"('r', 43)", , ,"('r', 43)", ,"('s', 16)", ,"('s', 18)", , , , , , , , , , , , , , , , , ,"('g', 17)", , , , , , , , , , , , , , , , , , , , , , , , , , , , , , , , , , , , 
12, , , , , , , , , , , , , , , , , , , , , , , , , , , , , , , , , , , , , , , , , , , , , , , , , , , , , , , , , , , , , , , , , , , , 
13, , , , , , , , , , , , , , , , , , , , , , , , , , , , , , , , , , , , , , , , , , , , , , , , ,"('s', 20)", , , , , , , , , , , , , , , , , , , 
14, , , , , , , , , , , , , , , , , , , , , , , , , , , , , , , , ,"('g', 21)", , , , , , , , , , , , , , , ,"('s', 11)", , , , , , , , , , , , , , , , , , , 
15, , , , , , , , , ,"('s', 22)", , , , , , , , , , , , , , , , , , , , , , , , , , , , , , , , , , , , , , , , , , , , , , , , , , , , , , , , , , 
16, , ,"('s', 27)", , , , , , , , , , , , , , , , , , , , , , , , , ,"('g', 28)", , , , , , , ,"('g', 25)", , , , , ,"('s', 30)", , , , ,"('g', 26)","('s', 24)", , , , ,"('s', 23)", ,"('g', 29)", , , , , , , , , , , , 
17, , , , , , ,"('r', 44)", , ,"('r', 44)", , , , , , , , , , , , , , , , , , , , , , , , , , , , , , , , , , , , , , , , , , , , , , , , , , , , , , , , , , 
18, , , , , , , , , , , , , , , , , , , , , , , , , , , , , , , , , , , , , , , , , , , , , , , , , , , , , ,"('s', 31)", , , , , , , , , , , , , , 
19, , , , , , ,"('r', 41)", , ,"('r', 41)", , , , , , , , , , , , , , , , , , , , , , , , , , , , , , , , , , , , , , , , , , , , , , , , , , , , , , , , , , 
20, , ,"('s', 32)", , , , , , , , , , , , , , , , , , , , , , , , , , , , , , , , , , , , , , , , , , , , , , , , , , , , , , , , , , , , , , , , , 
21, , , , , , ,"('s', 14)", , ,"('r', 46)", , , , , , , , , , , , , , , , , , , , , , , ,"('g', 33)", , , , , , , , , , , , , , , , , , , , , , , , , , , , , , , , , , 
22, , , , , , , , , , , , , , , , , , , , , , , , , , ,"('r', 47)", , , , , , , ,"('r', 47)", , , , , , , ,"('r', 47)", , , , , , , ,"('r', 47)", , , , , , , , , , , , , , , , , 
23, ,"('r', 4)","('r', 4)", ,"('r', 4)","('r', 4)","('r', 4)","('r', 4)","('r', 4)","('r', 4)","('r', 4)", ,"('r', 4)", , , , , , , , , , , , , , , , , , , , , , , , , , , , , , , , , , , ,"('r', 4)", , , , ,"('r', 4)", , , , , , , , , , , , , , 
24, ,"('r', 3)","('r', 3)", ,"('r', 3)","('r', 3)","('r', 3)","('r', 3)","('r', 3)","('r', 3)","('r', 3)", ,"('r', 3)", , , , , , , , , , , , , , , , , , , , , , , , , , , , , , , , , , , ,"('r', 3)", , , , ,"('r', 3)", , , , , , , , , , , , , , 
25, , , , , , ,"('r', 40)", , ,"('r', 40)", , , , , , , , , , , , , , , , , , , , , , , , , , , , , , , , , , , , , , , , , , , , , , , , , , , , , , , , , , 
26, , , , , , ,"('r', 32)", , ,"('r', 32)", , , , , , , , , , , , , , , , , , , , , , , , , , , , , , , , , , , , , , , , , , , , , , , , , , , , , , , , , , 
27, , ,"('s', 39)", , , , , , , , , , , , , , , , , , , , , , , , , ,"('g', 41)", , , , , , , ,"('g', 38)", , , , , ,"('s', 40)", , , , ,"('g', 35)","('s', 36)", , , , ,"('s', 34)", ,"('g', 37)", , , , , , , , , , , , 
28, , , , , , ,"('r', 31)", , ,"('r', 31)", , , , , , , , , , , , , , , , , , , , , , , , , , , , , , , , , , , , , , , , , , , , , , , , , , , , , , , , , , 
29, ,"('s', 42)","('s', 27)", ,"('s', 51)","('s', 48)","('r', 16)","('s', 43)","('s', 46)","('r', 16)","('s', 45)", ,"('s', 52)", , ,"('g', 49)", , , , , , , , , , , , , , , , , , , , , , , , , , , , , , , , ,"('s', 24)", , , , ,"('s', 23)","('g', 50)","('g', 47)", , , , , , , , , , , , 
30, , , , , , , , , , , , , , , , , , , , , , , , , , , , , , , , , , , , , , , , , , , , , , , , ,"('s', 53)", , , , , , , , , , , , , , , , , , , 
31, , , , , , , , , , , , , , ,"('s', 54)", , , , , , , , , , , , , , , , , , , , , , , , , , , , , , , , , , , , , , , , , , , , , , , , , , , , , 
32, , , ,"('r', 58)", , , , , , , , , , , , , , , , , , , , , , ,"('s', 5)", , , , , , , ,"('s', 2)", , , , , , , , ,"('g', 57)","('g', 55)", , , , , ,"('s', 7)", , , , , , , , , , , , , ,"('g', 56)", , , 
33, , , , , , , , , ,"('r', 45)", , , , , , , , , , , , , , , , , , , , , , , , , , , , , , , , , , , , , , , , , , , , , , , , , , , , , , , , , , 
34, ,"('r', 4)","('r', 4)","('r', 4)","('r', 4)","('r', 4)", ,"('r', 4)","('r', 4)", ,"('r', 4)", ,"('r', 4)", , , , , , , , , , , , , , , , , , , , , , , , , , , , , , , , , , , ,"('r', 4)", , , , ,"('r', 4)", , , , , , , , , , , , , , 
35, , , ,"('r', 32)", , , , , , , , , , , , , , , , , , , , , , , , , , , , , , , , , , , , , , , , , , , , , , , , , , , , , , , , , , , , , , , , 
36, ,"('r', 3)","('r', 3)","('r', 3)","('r', 3)","('r', 3)", ,"('r', 3)","('r', 3)", ,"('r', 3)", ,"('r', 3)", , , , , , , , , , , , , , , , , , , , , , , , , , , , , , , , , , , ,"('r', 3)", , , , ,"('r', 3)", , , , , , , , , , , , , , 
37, ,"('s', 66)","('s', 39)","('r', 16)","('s', 62)","('s', 63)", ,"('s', 60)","('s', 59)", ,"('s', 61)", ,"('s', 68)", , ,"('g', 58)", , , , , , , , , , , , , , , , , , , , , , , , , , , , , , , , ,"('s', 36)", , , , ,"('s', 34)","('g', 65)","('g', 67)", , , , , , , , , , , , 
38, , , ,"('s', 69)", , , , , , , , , , , , , , , , , , , , , , , , , , , , , , , , , , , , , , , , , , , , , , , , , , , , , , , , , , , , , , , , 
39, , ,"('s', 39)", , , , , , , , , , , , , , , , , , , , , , , , , ,"('g', 41)", , , , , , , ,"('g', 70)", , , , , ,"('s', 40)", , , , ,"('g', 35)","('s', 36)", , , , ,"('s', 34)", ,"('g', 37)", , , , , , , , , , , , 
40, , , , , , , , , , , , , , , , , , , , , , , , , , , , , , , , , , , , , , , , , , , , , , , , ,"('s', 71)", , , , , , , , , , , , , , , , , , , 
41, , , ,"('r', 31)", , , , , , , , , , , , , , , , , , , , , , , , , , , , , , , , , , , , , , , , , , , , , , , , , , , , , , , , , , , , , , , , 
42, , ,"('r', 10)", , , ,"('r', 10)", , ,"('r', 10)", , , , , , , , , , , , , , , , , , , , , , , , , , , , , , , , , , , , , , ,"('r', 10)", , , , ,"('r', 10)", , , , , , , , , , , , , , 
43, , ,"('r', 7)", , , ,"('r', 7)", , ,"('r', 7)", , , , , , , , , , , , , , , , , , , , , , , , , , , , , , , , , , , , , , ,"('r', 7)", , , , ,"('r', 7)", , , , , , , , , , , , , , 
44, , , , , , ,"('r', 13)", , ,"('r', 13)", , , , , , , , , , , , , , , , , , , , , , , , , , , , , , , , , , , , , , , , , , , , , , , , , , , , , , , , , , 
45, , ,"('r', 11)", , , ,"('r', 11)", , ,"('r', 11)", , , , , , , , , , , , , , , , , , , , , , , , , , , , , , , , , , , , , , ,"('r', 11)", , , , ,"('r', 11)", , , , , , , , , , , , , , 
46, , ,"('r', 9)", , , ,"('r', 9)", , ,"('r', 9)", , , , , , , , , , , , , , , , , , , , , , , , , , , , , , , , , , , , , , ,"('r', 9)", , , , ,"('r', 9)", , , , , , , , , , , , , , 
47, ,"('s', 42)","('s', 27)", ,"('s', 51)","('s', 48)","('r', 16)","('s', 43)","('s', 46)","('r', 16)","('s', 45)", ,"('s', 52)", , ,"('g', 72)", , , , , , , , , , , , , , , , , , , , , , , , , , , , , , , , ,"('s', 24)", , , , ,"('s', 23)","('g', 44)","('g', 47)", , , , , , , , , , , , 
48, , ,"('r', 6)", , , ,"('r', 6)", , ,"('r', 6)", , , , , , , , , , , , , , , , , , , , , , , , , , , , , , , , , , , , , , ,"('r', 6)", , , , ,"('r', 6)", , , , , , , , , , , , , , 
49, , , , , , ,"('r', 17)", , ,"('r', 17)", , , , , , , , , , , , , , , , , , , , , , , , , , , , , , , , , , , , , , , , , , , , , , , , , , , , , , , , , , 
50, , ,"('s', 27)", , , , , , , , , , , , , , , , , , , , , , , , , , , , , , , , , , , , , , , , , , , , , ,"('s', 24)", , , , ,"('s', 23)", ,"('g', 73)", , , , , , , , , , , , 
51, , ,"('r', 8)", , , ,"('r', 8)", , ,"('r', 8)", , , , , , , , , , , , , , , , , , , , , , , , , , , , , , , , , , , , , , ,"('r', 8)", , , , ,"('r', 8)", , , , , , , , , , , , , , 
52, , ,"('r', 12)", , , ,"('r', 12)", , ,"('r', 12)", , , , , , , , , , , , , , , , , , , , , , , , , , , , , , , , , , , , , , ,"('r', 12)", , , , ,"('r', 12)", , , , , , , , , , , , , , 
53, , ,"('s', 74)", , , , , , , , , , , , , , , , , , , , , , , , , , , , , , , , , , , , , , , , , , , , , , , , , , , , , , , , , , , , , , , , , 
54, , , , , , ,"('r', 49)", , ,"('r', 49)", ,"('s', 76)", , , , , ,"('g', 75)", , , , , , , , , , , , , , , , , , , , , , , , , , , , , , , , , , , , , , , , , , , , , , , , , , 
55, , , ,"('s', 77)", , , , , , , , , , , , , , , , , , , , , , , , , , , , , , , , , , , , , , , , , , , , , , , , , , , , , , , , , , , , , , , , 
56, , , , , , , , , , , , , , , , , , , , , , , , , , , , , , , , , , , , , , , , , , , , , , , , ,"('s', 78)", , , , , , , , , , , , , , , , , , , 
57, , , ,"('r', 56)", , ,"('s', 80)", , , , , , , , , , , , , , , , , , , , , , , , , , , , , , , , , , , , , , ,"('g', 79)", , , , , , , , , , , , , , , , , , , , , , 
58, , , ,"('r', 17)", , , , , , , , , , , , , , , , , , , , , , , , , , , , , , , , , , , , , , , , , , , , , , , , , , , , , , , , , , , , , , , , 
59, , ,"('r', 9)","('r', 9)", , , , , , , , , , , , , , , , , , , , , , , , , , , , , , , , , , , , , , , , , , , , ,"('r', 9)", , , , ,"('r', 9)", , , , , , , , , , , , , , 
60, , ,"('r', 7)","('r', 7)", , , , , , , , , , , , , , , , , , , , , , , , , , , , , , , , , , , , , , , , , , , , ,"('r', 7)", , , , ,"('r', 7)", , , , , , , , , , , , , , 
61, , ,"('r', 11)","('r', 11)", , , , , , , , , , , , , , , , , , , , , , , , , , , , , , , , , , , , , , , , , , , , ,"('r', 11)", , , , ,"('r', 11)", , , , , , , , , , , , , , 
62, , ,"('r', 8)","('r', 8)", , , , , , , , , , , , , , , , , , , , , , , , , , , , , , , , , , , , , , , , , , , , ,"('r', 8)", , , , ,"('r', 8)", , , , , , , , , , , , , , 
63, , ,"('r', 6)","('r', 6)", , , , , , , , , , , , , , , , , , , , , , , , , , , , , , , , , , , , , , , , , , , , ,"('r', 6)", , , , ,"('r', 6)", , , , , , , , , , , , , , 
64, , , ,"('r', 13)", , , , , , , , , , , , , , , , , , , , , , , , , , , , , , , , , , , , , , , , , , , , , , , , , , , , , , , , , , , , , , , , 
65, , ,"('s', 39)", , , , , , , , , , , , , , , , , , , , , , , , , , , , , , , , , , , , , , , , , , , , , ,"('s', 36)", , , , ,"('s', 34)", ,"('g', 81)", , , , , , , , , , , , 
66, , ,"('r', 10)","('r', 10)", , , , , , , , , , , , , , , , , , , , , , , , , , , , , , , , , , , , , , , , , , , , ,"('r', 10)", , , , ,"('r', 10)", , , , , , , , , , , , , , 
67, ,"('s', 66)","('s', 39)","('r', 16)","('s', 62)","('s', 63)", ,"('s', 60)","('s', 59)", ,"('s', 61)", ,"('s', 68)", , ,"('g', 82)", , , , , , , , , , , , , , , , , , , , , , , , , , , , , , , , ,"('s', 36)", , , , ,"('s', 34)","('g', 65)","('g', 67)", , , , , , , , , , , , 
68, , ,"('r', 12)","('r', 12)", , , , , , , , , , , , , , , , , , , , , , , , , , , , , , , , , , , , , , , , , , , , ,"('r', 12)", , , , ,"('r', 12)", , , , , , , , , , , , , , 
69, ,"('r', 5)","('r', 5)", ,"('r', 5)","('r', 5)","('r', 5)","('r', 5)","('r', 5)","('r', 5)","('r', 5)", ,"('r', 5)", , , , , , , , , , , , , , , , , , , , , , , , , , , , , , , , , , , ,"('r', 5)", , , , ,"('r', 5)", , , , , , , , , , , , , , 
70, , , ,"('s', 83)", , , , , , , , , , , , , , , , , , , , , , , , , , , , , , , , , , , , , , , , , , , , , , , , , , , , , , , , , , , , , , , , 
71, , ,"('s', 84)", , , , , , , , , , , , , , , , , , , , , , , , , , , , , , , , , , , , , , , , , , , , , , , , , , , , , , , , , , , , , , , , , 
72, , , , , , ,"('r', 14)", , ,"('r', 14)", , , , , , , , , , , , , , , , , , , , , , , , , , , , , , , , , , , , , , , , , , , , , , , , , , , , , , , , , , 
73, ,"('s', 42)","('s', 27)", ,"('s', 51)","('s', 48)","('r', 16)","('s', 43)","('s', 46)","('r', 16)","('s', 45)", ,"('s', 52)", , ,"('g', 85)", , , , , , , , , , , , , , , , , , , , , , , , , , , , , , , , ,"('s', 24)", , , , ,"('s', 23)","('g', 50)","('g', 47)", , , , , , , , , , , , 
74, , ,"('s', 91)","('r', 36)", , , , , , , , , , , , , , , , , , , , , , , , ,"('g', 92)", , , , , , , ,"('g', 86)","('g', 87)", , , , ,"('s', 94)", , , , ,"('g', 88)","('s', 89)", , , , ,"('s', 90)", ,"('g', 93)", , , , , , , , , , , , 
75, , , , , , ,"('r', 42)", , ,"('r', 42)", , , , , , , , , , , , , , , , , , , , , , , , , , , , , , , , , , , , , , , , , , , , , , , , , , , , , , , , , , 
76, , , , , , , , , , , , , ,"('s', 96)", , ,"('g', 95)", , , , , , , , , , , , , , , , , , , , , , , , , , , , , , , , , , , , , , , , , , , , , , , , , , , 
77, , , , , , , , , , , , , , , , , , , , , , , , , , , ,"('g', 98)", , , , , , , , , , , , , , , , , , , , , , , , , , , , , , , , , , , , , , ,"('s', 97)", 
78, , , ,"('r', 54)", , ,"('r', 54)", , , , , , , , , , , , , , , , , , , , , , , , , , , , , , , , , , , , , , , , , , , , , , , , , , , , , , , , , , , , , 
79, , , ,"('r', 57)", , , , , , , , , , , , , , , , , , , , , , , , , , , , , , , , , , , , , , , , , , , , , , , , , , , , , , , , , , , , , , , , 
80, , , , , , , , , , , , , , , , , , , , , , , , , , ,"('s', 5)", , , , , , , ,"('s', 2)", , , , , , , , ,"('g', 99)", , , , , , ,"('s', 7)", , , , , , , , , , , , , ,"('g', 56)", , , 
81, ,"('s', 66)","('s', 39)","('r', 16)","('s', 62)","('s', 63)", ,"('s', 60)","('s', 59)", ,"('s', 61)", ,"('s', 68)", , ,"('g', 100)", , , , , , , , , , , , , , , , , , , , , , , , , , , , , , , , ,"('s', 36)", , , , ,"('s', 34)","('g', 65)","('g', 67)", , , , , , , , , , , , 
82, , , ,"('r', 14)", , , , , , , , , , , , , , , , , , , , , , , , , , , , , , , , , , , , , , , , , , , , , , , , , , , , , , , , , , , , , , , , 
83, ,"('r', 5)","('r', 5)","('r', 5)","('r', 5)","('r', 5)", ,"('r', 5)","('r', 5)", ,"('r', 5)", ,"('r', 5)", , , , , , , , , , , , , , , , , , , , , , , , , , , , , , , , , , , ,"('r', 5)", , , , ,"('r', 5)", , , , , , , , , , , , , , 
84, , ,"('s', 91)","('r', 36)", , , , , , , , , , , , , , , , , , , , , , , , ,"('g', 92)", , , , , , , ,"('g', 86)","('g', 101)", , , , ,"('s', 94)", , , , ,"('g', 88)","('s', 89)", , , , ,"('s', 90)", ,"('g', 93)", , , , , , , , , , , , 
85, , , , , , ,"('r', 15)", , ,"('r', 15)", , , , , , , , , , , , , , , , , , , , , , , , , , , , , , , , , , , , , , , , , , , , , , , , , , , , , , , , , , 
86, , , ,"('r', 34)", , ,"('s', 103)", , , , , , , , , , , , , , , , , , , , , , , , , , , , , , , ,"('g', 102)", , , , , , , , , , , , , , , , , , , , , , , , , , , , , 
87, , , ,"('s', 104)", , , , , , , , , , , , , , , , , , , , , , , , , , , , , , , , , , , , , , , , , , , , , , , , , , , , , , , , , , , , , , , , 
88, , , ,"('r', 32)", , ,"('r', 32)", , , , , , , , , , , , , , , , , , , , , , , , , , , , , , , , , , , , , , , , , , , , , , , , , , , , , , , , , , , , , 
89, ,"('r', 3)","('r', 3)","('r', 3)","('r', 3)","('r', 3)","('r', 3)","('r', 3)","('r', 3)", ,"('r', 3)", ,"('r', 3)", , , , , , , , , , , , , , , , , , , , , , , , , , , , , , , , , , , ,"('r', 3)", , , , ,"('r', 3)", , , , , , , , , , , , , , 
90, ,"('r', 4)","('r', 4)","('r', 4)","('r', 4)","('r', 4)","('r', 4)","('r', 4)","('r', 4)", ,"('r', 4)", ,"('r', 4)", , , , , , , , , , , , , , , , , , , , , , , , , , , , , , , , , , , ,"('r', 4)", , , , ,"('r', 4)", , , , , , , , , , , , , , 
91, , ,"('s', 39)", , , , , , , , , , , , , , , , , , , , , , , , , ,"('g', 41)", , , , , , , ,"('g', 105)", , , , , ,"('s', 40)", , , , ,"('g', 35)","('s', 36)", , , , ,"('s', 34)", ,"('g', 37)", , , , , , , , , , , , 
92, , , ,"('r', 31)", , ,"('r', 31)", , , , , , , , , , , , , , , , , , , , , , , , , , , , , , , , , , , , , , , , , , , , , , , , , , , , , , , , , , , , , 
93, ,"('s', 107)","('s', 91)","('r', 16)","('s', 113)","('s', 116)","('r', 16)","('s', 111)","('s', 108)", ,"('s', 114)", ,"('s', 110)", , ,"('g', 109)", , , , , , , , , , , , , , , , , , , , , , , , , , , , , , , , ,"('s', 89)", , , , ,"('s', 90)","('g', 115)","('g', 112)", , , , , , , , , , , , 
94, , , , , , , , , , , , , , , , , , , , , , , , , , , , , , , , , , , , , , , , , , , , , , , , ,"('s', 117)", , , , , , , , , , , , , , , , , , , 
95, , , , , , ,"('r', 48)", , ,"('r', 48)", , , , , , , , , , , , , , , , , , , , , , , , , , , , , , , , , , , , , , , , , , , , , , , , , , , , , , , , , , 
96, , , , , , , , , , , , , , , , , , , , , , , , , , , , , , , , , , , , , , , , , , , , , , , , , , , , , ,"('s', 118)", , , , , , , , , , , , , , 
97, , , , , , , , , , , , , , , , , , , , , ,"('g', 122)", , , ,"('s', 129)","('s', 5)","('g', 121)", ,"('s', 138)","('g', 127)", , , ,"('s', 2)", , , , ,"('g', 132)", ,"('s', 125)", , , , , , ,"('s', 130)","('s', 131)","('s', 7)","('g', 133)","('g', 136)", , , ,"('s', 135)","('s', 134)","('s', 124)","('g', 128)", , ,"('g', 123)","('g', 120)","('g', 126)","('s', 137)","('s', 119)","('r', 67)"
98, , , , , , , , , , , , , , , , , , , , , , , , , , ,"('r', 59)", , , , , , , ,"('r', 59)", , , , , , , ,"('r', 59)", , , , , , , ,"('r', 59)", , , , , , , , , , , , , , , , , 
99, , , ,"('r', 56)", , ,"('s', 80)", , , , , , , , , , , , , , , , , , , , , , , , , , , , , , , , , , , , , , ,"('g', 139)", , , , , , , , , , , , , , , , , , , , , , 
100, , , ,"('r', 15)", , , , , , , , , , , , , , , , , , , , , , , , , , , , , , , , , , , , , , , , , , , , , , , , , , , , , , , , , , , , , , , , 
101, , , ,"('s', 140)", , , , , , , , , , , , , , , , , , , , , , , , , , , , , , , , , , , , , , , , , , , , , , , , , , , , , , , , , , , , , , , , 
102, , , ,"('r', 35)", , , , , , , , , , , , , , , , , , , , , , , , , , , , , , , , , , , , , , , , , , , , , , , , , , , , , , , , , , , , , , , , 
103, , ,"('s', 91)", , , , , , , , , , , , , , , , , , , , , , , , , ,"('g', 92)", , , , , , , ,"('g', 141)", , , , , ,"('s', 94)", , , , ,"('g', 88)","('s', 89)", , , , ,"('s', 90)", ,"('g', 93)", , , , , , , , , , , , 
104, , , , , , ,"('r', 30)", , ,"('r', 30)", , , , , , , , , , , , , , , , , , , , , , , , , , , , , , , , , , , , , , , , , , , , , , , , , , , , , , , , , , 
105, , , ,"('s', 142)", , , , , , , , , , , , , , , , , , , , , , , , , , , , , , , , , , , , , , , , , , , , , , , , , , , , , , , , , , , , , , , , 
106, , , ,"('r', 13)", , ,"('r', 13)", , , , , , , , , , , , , , , , , , , , , , , , , , , , , , , , , , , , , , , , , , , , , , , , , , , , , , , , , , , , , 
107, , ,"('r', 10)","('r', 10)", , ,"('r', 10)", , , , , , , , , , , , , , , , , , , , , , , , , , , , , , , , , , , , , , , , , ,"('r', 10)", , , , ,"('r', 10)", , , , , , , , , , , , , , 
108, , ,"('r', 9)","('r', 9)", , ,"('r', 9)", , , , , , , , , , , , , , , , , , , , , , , , , , , , , , , , , , , , , , , , , ,"('r', 9)", , , , ,"('r', 9)", , , , , , , , , , , , , , 
109, , , ,"('r', 17)", , ,"('r', 17)", , , , , , , , , , , , , , , , , , , , , , , , , , , , , , , , , , , , , , , , , , , , , , , , , , , , , , , , , , , , , 
110, , ,"('r', 12)","('r', 12)", , ,"('r', 12)", , , , , , , , , , , , , , , , , , , , , , , , , , , , , , , , , , , , , , , , , ,"('r', 12)", , , , ,"('r', 12)", , , , , , , , , , , , , , 
111, , ,"('r', 7)","('r', 7)", , ,"('r', 7)", , , , , , , , , , , , , , , , , , , , , , , , , , , , , , , , , , , , , , , , , ,"('r', 7)", , , , ,"('r', 7)", , , , , , , , , , , , , , 
112, ,"('s', 143)","('s', 91)","('r', 16)","('s', 113)","('s', 116)","('r', 16)","('s', 111)","('s', 108)", ,"('s', 114)", ,"('s', 110)", , ,"('g', 144)", , , , , , , , , , , , , , , , , , , , , , , , , , , , , , , , ,"('s', 89)", , , , ,"('s', 90)","('g', 115)","('g', 112)", , , , , , , , , , , , 
113, , ,"('r', 8)","('r', 8)", , ,"('r', 8)", , , , , , , , , , , , , , , , , , , , , , , , , , , , , , , , , , , , , , , , , ,"('r', 8)", , , , ,"('r', 8)", , , , , , , , , , , , , , 
114, , ,"('r', 11)","('r', 11)", , ,"('r', 11)", , , , , , , , , , , , , , , , , , , , , , , , , , , , , , , , , , , , , , , , , ,"('r', 11)", , , , ,"('r', 11)", , , , , , , , , , , , , , 
115, , ,"('s', 91)", , , , , , , , , , , , , , , , , , , , , , , , , , , , , , , , , , , , , , , , , , , , , ,"('s', 89)", , , , ,"('s', 90)", ,"('g', 145)", , , , , , , , , , , , 
116, , ,"('r', 6)","('r', 6)", , ,"('r', 6)", , , , , , , , , , , , , , , , , , , , , , , , , , , , , , , , , , , , , , , , , ,"('r', 6)", , , , ,"('r', 6)", , , , , , , , , , , , , , 
117, , ,"('s', 146)", , , , , , , , , , , , , , , , , , , , , , , , , , , , , , , , , , , , , , , , , , , , , , , , , , , , , , , , , , , , , , , , , 
118, , , , , , ,"('s', 147)", , , , , , , ,"('s', 148)", , , , ,"('g', 149)", , , , , , , , , , , , , , , , , , , , , , , , , , , , , , , , , , , , , , , , , , , , , , , , 
119, , , , , , , , , , , , , , , , , , , , , ,"('g', 122)", , , ,"('s', 129)","('s', 5)","('g', 121)", ,"('s', 138)","('g', 127)", , , ,"('s', 2)", , , , ,"('g', 132)", ,"('s', 125)", , , , , , ,"('s', 130)","('s', 131)","('s', 7)","('g', 133)","('g', 136)", , , ,"('s', 135)","('s', 134)","('s', 124)","('g', 128)", , ,"('g', 123)","('g', 150)","('g', 126)","('s', 137)","('s', 119)","('r', 67)"
120, , , , , , , , , , , , , , , , , , , , , , , , , , , , , , , , , , , , , , , , , , , , , , , , , , , , , , , , , , , , , , , , , , , ,"('s', 151)"
121, , , , , , , , , , , , , , , , , , , , , , , , , ,"('r', 64)","('r', 64)", , ,"('r', 64)", , , , ,"('r', 64)", , , , , , ,"('r', 64)", , , , , , ,"('r', 64)","('r', 64)","('r', 64)", , , , , ,"('r', 64)","('r', 64)","('r', 64)", , , , , , ,"('r', 64)","('r', 64)","('r', 64)"
122, , , , , , , , , ,"('s', 152)", , , , , , , , , , , , , , , , , , , , , , , , , , , , , , , , , , , , , , , , , , , , , , , , , , , , , , , , , , 
123, , , , , , , , , , , , , , , , , , , , , ,"('g', 122)", , , ,"('s', 129)","('s', 5)","('g', 121)", ,"('s', 138)","('g', 127)", , , ,"('s', 2)", , , , ,"('g', 132)", ,"('s', 125)", , , , , , ,"('s', 130)","('s', 131)","('s', 7)","('g', 133)","('g', 136)", , , ,"('s', 135)","('s', 134)","('s', 124)","('g', 128)", , ,"('g', 123)","('g', 153)","('g', 126)","('s', 137)","('s', 119)","('r', 67)"
124, , ,"('s', 154)", , , , , , , , , , , , , , , , , , , , , , , , , , , , , , , , , , , , , , , , , , , , , , , , , , , , , , , , , , , , , , , , , 
125, , ,"('s', 155)", , , , , , , , , , , , , , , , , , , , , , , , , , , , , , , , , , , , , , , , , , , , , , , , , , , , , , , , , , , , , , , , , 
126, , , , , , , , , , , , , , , , , , , , , , , , , , , , , , , , ,"('g', 156)", , , , , , , , , , , , , , , ,"('s', 11)", , , , , , , , , , , , , , , , , , , 
127, , , , , , , , , , , , , , , , , , , , , , , , , ,"('r', 65)","('r', 65)", , ,"('r', 65)", , , , ,"('r', 65)", , , , , , ,"('r', 65)", , , , , , ,"('r', 65)","('r', 65)","('r', 65)", , , , , ,"('r', 65)","('r', 65)","('r', 65)", , , , , , ,"('r', 65)","('r', 65)","('r', 65)"
128, , , , , , , , , , , , , , , , , , , , , , , , , ,"('r', 62)","('r', 62)", , ,"('r', 62)", , , , ,"('r', 62)", , , , , , ,"('r', 62)", , , , , , ,"('r', 62)","('r', 62)","('r', 62)", , , , , ,"('r', 62)","('r', 62)","('r', 62)", , , , , , ,"('r', 62)","('r', 62)","('r', 62)"
129, , , , , , , , , ,"('s', 157)", , , , , , , , , , , , , , , , , , , , , , , , , , , , , , , , , , , , , , , , , , , , , , , , , , , , , , , , , , 
130, ,"('s', 160)", , ,"('s', 163)","('s', 165)", ,"('s', 161)","('s', 166)", , ,"('s', 159)", ,"('s', 158)", , , , , , , , ,"('g', 164)","('g', 162)", , , , , , , , , , , , , , , , , , , , , , , , , , , , , , , , , , , , , , , , , , , , 
131, , ,"('s', 167)", , , , , , , , , , , , , , , , , , , , , , , , , , , , , , , , , , , , , , , , , , , , , , , , , , , , , , , , , , , , , , , , , 
132, , , , , , , , , , , , , , , , , , , , , , , , , ,"('r', 60)","('r', 60)", , ,"('r', 60)", , , , ,"('r', 60)", , , , , , ,"('r', 60)", , , , , , ,"('r', 60)","('r', 60)","('r', 60)", , , , , ,"('r', 60)","('r', 60)","('r', 60)", , , , , , ,"('r', 60)","('r', 60)","('r', 60)"
133, , , , , , , , , , , , , , , , , , , , , , , , , ,"('r', 63)","('r', 63)", , ,"('r', 63)", , , , ,"('r', 63)", , , , , , ,"('r', 63)", , , , , , ,"('r', 63)","('r', 63)","('r', 63)", , , , , ,"('r', 63)","('r', 63)","('r', 63)", , , , , , ,"('r', 63)","('r', 63)","('r', 63)"
134, , ,"('s', 168)", , , , , , , , , , , , , , , , , , , , , , , , , ,"('g', 173)", , , , , , , ,"('g', 170)", , , , , ,"('s', 172)", , , , ,"('g', 171)","('s', 174)", , , , ,"('s', 175)", ,"('g', 169)", , , , , , , , , , , , 
135, , ,"('s', 176)", , , , , , , , , , , , , , , , , , , , , , , , , , , , , , , , , , , , , , , , , , , , , , , , , , , , , , , , , , , , , , , , , 
136, , , , , , , , , , , , , , , , , , , , , , , , , ,"('r', 61)","('r', 61)", , ,"('r', 61)", , , , ,"('r', 61)", , , , , , ,"('r', 61)", , , , , , ,"('r', 61)","('r', 61)","('r', 61)", , , , , ,"('r', 61)","('r', 61)","('r', 61)", , , , , , ,"('r', 61)","('r', 61)","('r', 61)"
137, , ,"('s', 177)", , , , , , , , , , , , , , , , , , , , , , , , , , , , , , , , , , , , , , , , , , , , , , , , , , , , , , , , , , , , , , , , , 
138, , , , , , , , , ,"('s', 178)", , , , , , , , , , , , , , , , , , , , , , , , , , , , , , , , , , , , , , , , , , , , , , , , , , , , , , , , , , 
139, , , ,"('r', 55)", , , , , , , , , , , , , , , , , , , , , , , , , , , , , , , , , , , , , , , , , , , , , , , , , , , , , , , , , , , , , , , , 
140, , , ,"('r', 30)", , , , , , , , , , , , , , , , , , , , , , , , , , , , , , , , , , , , , , , , , , , , , , , , , , , , , , , , , , , , , , , , 
141, , , ,"('r', 34)", , ,"('s', 103)", , , , , , , , , , , , , , , , , , , , , , , , , , , , , , , ,"('g', 179)", , , , , , , , , , , , , , , , , , , , , , , , , , , , , 
142, ,"('r', 5)","('r', 5)","('r', 5)","('r', 5)","('r', 5)","('r', 5)","('r', 5)","('r', 5)", ,"('r', 5)", ,"('r', 5)", , , , , , , , , , , , , , , , , , , , , , , , , , , , , , , , , , , ,"('r', 5)", , , , ,"('r', 5)", , , , , , , , , , , , , , 
143, , ,"('r', 10)","('r', 10)", , ,"('r', 10)", , , , , , , , , , , , , , , , , , , , , , , , , , , , , , , , , , , , , , , , , ,"('r', 10)", , , , ,"('r', 10)", , , , , , , , , , , , , , 
144, , , ,"('r', 14)", , ,"('r', 14)", , , , , , , , , , , , , , , , , , , , , , , , , , , , , , , , , , , , , , , , , , , , , , , , , , , , , , , , , , , , , 
145, ,"('s', 107)","('s', 91)","('r', 16)","('s', 113)","('s', 116)","('r', 16)","('s', 111)","('s', 108)", ,"('s', 114)", ,"('s', 110)", , ,"('g', 180)", , , , , , , , , , , , , , , , , , , , , , , , , , , , , , , , ,"('s', 89)", , , , ,"('s', 90)","('g', 115)","('g', 112)", , , , , , , , , , , , 
146, , ,"('s', 91)","('r', 36)", , , , , , , , , , , , , , , , , , , , , , , , ,"('g', 92)", , , , , , , ,"('g', 86)","('g', 181)", , , , ,"('s', 94)", , , , ,"('g', 88)","('s', 89)", , , , ,"('s', 90)", ,"('g', 93)", , , , , , , , , , , , 
147, , , , , , , , , , , , , , , , , , , , , , , , , , , , , , , , , , , , , , , , , , , , , , , , , , , , , ,"('s', 182)", , , , , , , , , , , , , , 
148, , , , , , ,"('r', 53)", , ,"('r', 53)", , , , , , , , ,"('g', 183)", , , , , , , , , , , , , , , , , , , , , , , , , , , , , , , , , , , , , , , , , , , , , , , , , 
149, , , , , , ,"('r', 50)", , ,"('r', 50)", , , , , , , , , , , , , , , , , , , , , , , , , , , , , , , , , , , , , , , , , , , , , , , , , , , , , , , , , , 
150, , , , , , , , , , , , , , , , , , , , , , , , , , , , , , , , , , , , , , , , , , , , , , , , , , , , , , , , , , , , , , , , , , , ,"('s', 184)"
151, , , , , , , , , , , , , , , , , , , , , , , , , , ,"('r', 77)", , , , , , , ,"('r', 77)", , , , , , , ,"('r', 77)", , , , , , , ,"('r', 77)", , , , , , , , , , , , , , , , , 
152, , , , , , , , , , , , , , , , , , , , , , , , , ,"('r', 68)","('r', 68)", , ,"('r', 68)", , , , ,"('r', 68)", , , , , , ,"('r', 68)", , , , , , ,"('r', 68)","('r', 68)","('r', 68)", , , , , ,"('r', 68)","('r', 68)","('r', 68)", , , , , , ,"('r', 68)","('r', 68)","('r', 68)"
153, , , , , , , , , , , , , , , , , , , , , , , , , , , , , , , , , , , , , , , , , , , , , , , , , , , , , , , , , , , , , , , , , , , ,"('r', 66)"
154, , , , , , , , , , , , , , , , , , , , , , , , , , , , , , , , , , , , , , , , , , , , , , , , ,"('s', 185)", , , , , , , , , , , , , , , , , , , 
155, , , , , , , , , , , , , , , , , , , , , , , , , , ,"('s', 5)", , , ,"('g', 186)", , , ,"('s', 2)", , , , , , , , , , , , , , , ,"('s', 7)", , , , , , , , , , , , , ,"('g', 187)", , , 
156, , , , , , ,"('s', 14)", , ,"('r', 46)", , , , , , , , , , , , , , , , , , , , , , , ,"('g', 188)", , , , , , , , , , , , , , , , , , , , , , , , , , , , , , , , , , 
157, , , , , , , , , , , , , , , , , , , , , , , , , ,"('r', 72)","('r', 72)", , ,"('r', 72)", , , , ,"('r', 72)", , , , , , ,"('r', 72)", , , , , , ,"('r', 72)","('r', 72)","('r', 72)", , , , , ,"('r', 72)","('r', 72)","('r', 72)", , , , , , ,"('r', 72)","('r', 72)","('r', 72)"
158, , , , , , , , , , , , , , , , , , , , , , , , , , , , , , , , , , , , , , , , , , , , , , , , , , , , , ,"('s', 189)", , , , , , , , , , , , , , 
159, , ,"('r', 18)", , , , , , , , , , , , , , , , , , , , , , , , , , , , , , , , , , , , , , , ,"('r', 18)", , , , , ,"('r', 18)", , , , ,"('r', 18)", , , , , , , , , , , , , , 
160, , , , , , , , , , , ,"('s', 190)", , , , , , , , , , , , , , , , , , , , , , , , , , , , , , , , , , , , , , , , , , , , , , , , , , , , , , , , 
161, , , , , , , , , , , ,"('s', 191)", , , , , , , , , , , , , , , , , , , , , , , , , , , , , , , , , , , , , , , , , , , , , , , , , , , , , , , , 
162, , ,"('s', 168)", , , , , , , , , , , , , , , , , , , , , ,"('g', 192)", , , ,"('g', 173)", , , , , , , ,"('g', 194)", , , , , ,"('s', 172)", , , , ,"('g', 171)","('s', 174)", , , , ,"('s', 175)", ,"('g', 169)", , , , , , , , , , , , 
163, , , , , , , , , , , ,"('s', 195)", , , , , , , , , , , , , , , , , , , , , , , , , , , , , , , , , , , , , , , , , , , , , , , , , , , , , , , , 
164, , , , , , , , , ,"('r', 24)", , , , , , , , , , , , , , , , , , , , , , , , , , , , , , , , , , , , , , , , , , , , , , , , , , , , , , , , , , 
165, , , , , , , , , , , ,"('s', 196)", , , , , , , , , , , , , , , , , , , , , , , , , , , , , , , , , , , , , , , , , , , , , , , , , , , , , , , , 
166, , , , , , , , , , , ,"('s', 197)", , , , , , , , , , , , , , , , , , , , , , , , , , , , , , , , , , , , , , , , , , , , , , , , , , , , , , , , 
167, , ,"('s', 39)", , , , , , , , , , , , , , , , , , , , , , , , , ,"('g', 41)", , , , , , , ,"('g', 198)", , , , , ,"('s', 40)", , , , ,"('g', 35)","('s', 36)", , , , ,"('s', 34)", ,"('g', 37)", , , , , , , , , , , , 
168, , ,"('s', 39)", , , , , , , , , , , , , , , , , , , , , , , , , ,"('g', 41)", , , , , , , ,"('g', 199)", , , , , ,"('s', 40)", , , , ,"('g', 35)","('s', 36)", , , , ,"('s', 34)", ,"('g', 37)", , , , , , , , , , , , 
169, ,"('s', 201)","('s', 168)", ,"('s', 209)","('s', 207)", ,"('s', 204)","('s', 200)","('r', 16)","('s', 208)", ,"('s', 203)", , ,"('g', 202)", , , , , , , , , , , , , , , , , , , , , , , , , , , , , , , , ,"('s', 174)", , , , ,"('s', 175)","('g', 210)","('g', 205)", , , , , , , , , , , , 
170, , , , , , , , , ,"('s', 211)", , , , , , , , , , , , , , , , , , , , , , , , , , , , , , , , , , , , , , , , , , , , , , , , , , , , , , , , , , 
171, , , , , , , , , ,"('r', 32)", , , , , , , , , , , , , , , , , , , , , , , , , , , , , , , , , , , , , , , , , , , , , , , , , , , , , , , , , , 
172, , , , , , , , , , , , , , , , , , , , , , , , , , , , , , , , , , , , , , , , , , , , , , , , ,"('s', 212)", , , , , , , , , , , , , , , , , , , 
173, , , , , , , , , ,"('r', 31)", , , , , , , , , , , , , , , , , , , , , , , , , , , , , , , , , , , , , , , , , , , , , , , , , , , , , , , , , , 
174, ,"('r', 3)","('r', 3)", ,"('r', 3)","('r', 3)", ,"('r', 3)","('r', 3)","('r', 3)","('r', 3)", ,"('r', 3)", , , , , , , , , , , , , , , , , , , , , , , , , , , , , , , , , , , ,"('r', 3)", , , , ,"('r', 3)", , , , , , , , , , , , , , 
175, ,"('r', 4)","('r', 4)", ,"('r', 4)","('r', 4)", ,"('r', 4)","('r', 4)","('r', 4)","('r', 4)", ,"('r', 4)", , , , , , , , , , , , , , , , , , , , , , , , , , , , , , , , , , , ,"('r', 4)", , , , ,"('r', 4)", , , , , , , , , , , , , , 
176, , ,"('s', 39)", , , , , , , , , , , , , , , , , , , , , , , , , ,"('g', 41)", , , , , , , ,"('g', 213)", , , , , ,"('s', 40)", , , , ,"('g', 35)","('s', 36)", , , , ,"('s', 34)", ,"('g', 37)", , , , , , , , , , , , 
177, , ,"('s', 39)", , , , , , , , , , , , , , , , , , , , , , , , , ,"('g', 41)", , , , , , , ,"('g', 214)", , , , , ,"('s', 40)", , , , ,"('g', 35)","('s', 36)", , , , ,"('s', 34)", ,"('g', 37)", , , , , , , , , , , , 
178, , , , , , , , , , , , , , , , , , , , , , , , , ,"('r', 71)","('r', 71)", , ,"('r', 71)", , , , ,"('r', 71)", , , , , , ,"('r', 71)", , , , , , ,"('r', 71)","('r', 71)","('r', 71)", , , , , ,"('r', 71)","('r', 71)","('r', 71)", , , , , , ,"('r', 71)","('r', 71)","('r', 71)"
179, , , ,"('r', 33)", , , , , , , , , , , , , , , , , , , , , , , , , , , , , , , , , , , , , , , , , , , , , , , , , , , , , , , , , , , , , , , , 
180, , , ,"('r', 15)", , ,"('r', 15)", , , , , , , , , , , , , , , , , , , , , , , , , , , , , , , , , , , , , , , , , , , , , , , , , , , , , , , , , , , , , 
181, , , ,"('s', 215)", , , , , , , , , , , , , , , , , , , , , , , , , , , , , , , , , , , , , , , , , , , , , , , , , , , , , , , , , , , , , , , , 
182, , , , , , ,"('s', 147)", , , , , , , ,"('s', 148)", , , , ,"('g', 216)", , , , , , , , , , , , , , , , , , , , , , , , , , , , , , , , , , , , , , , , , , , , , , , , 
183, , , , , , ,"('r', 51)", , ,"('r', 51)", , , , , , , , , , , , , , , , , , , , , , , , , , , , , , , , , , , , , , , , , , , , , , , , , , , , , , , , , , 
184, , , , , , , , , , , , , , , , , , , , , , , , , ,"('r', 77)","('r', 77)", , ,"('r', 77)", , , , ,"('r', 77)", , , , , , ,"('r', 77)", , , , , , ,"('r', 77)","('r', 77)","('r', 77)", , , , , ,"('r', 77)","('r', 77)","('r', 77)", , , , , , ,"('r', 77)","('r', 77)","('r', 77)"
185, , , ,"('s', 217)", , , , , , , , , , , , , , , , , , , , , , , , , , , , , , , , , , , , , , , , , , , , , , , , , , , , , , , , , , , , , , , , 
186, , ,"('s', 168)", , , , , , , , , , , , , , , , , , , , , , , , , ,"('g', 173)", , , , , , , ,"('g', 218)", , , , , ,"('s', 172)", , , , ,"('g', 171)","('s', 174)", , , , ,"('s', 175)", ,"('g', 169)", , , , , , , , , , , , 
187, , , , , , , , , , , , , , , , , , , , , , , , , , , , , , , , ,"('g', 219)", , , , , , , , , , , , , , , ,"('s', 11)", , , , , , , , , , , , , , , , , , , 
188, , , , , , , , , ,"('s', 220)", , , , , , , , , , , , , , , , , , , , , , , , , , , , , , , , , , , , , , , , , , , , , , , , , , , , , , , , , , 
189, , , , , , , , , , , , , , ,"('s', 221)", , , , , , , , , , , , , , , , , , , , , , , , , , , , , , , , , , , , , , , , , , , , , , , , , , , , , 
190, , ,"('r', 23)", , , , , , , , , , , , , , , , , , , , , , , , , , , , , , , , , , , , , , , ,"('r', 23)", , , , , ,"('r', 23)", , , , ,"('r', 23)", , , , , , , , , , , , , , 
191, , ,"('r', 20)", , , , , , , , , , , , , , , , , , , , , , , , , , , , , , , , , , , , , , , ,"('r', 20)", , , , , ,"('r', 20)", , , , ,"('r', 20)", , , , , , , , , , , , , , 
192, , , , , , , , , ,"('r', 25)", , , , , , , , , , , , , , , , , , , , , , , , , , , , , , , , , , , , , , , , , , , , , , , , , , , , , , , , , , 
193, , , , , , , , , ,"('r', 29)", , , , , , , , , , , , , , , , , , , , , , , , , , , , , , , , , , , , , , , , , , , , , , , , , , , , , , , , , , 
194, , , , , , , , , ,"('r', 28)", , , , , , , , , , , , , , , , , , , , , , , , , , , , , , , , , , , , , , , , , , , , , , , , , , , , , , , , , , 
195, , ,"('r', 21)", , , , , , , , , , , , , , , , , , , , , , , , , , , , , , , , , , , , , , , ,"('r', 21)", , , , , ,"('r', 21)", , , , ,"('r', 21)", , , , , , , , , , , , , , 
196, , ,"('r', 19)", , , , , , , , , , , , , , , , , , , , , , , , , , , , , , , , , , , , , , , ,"('r', 19)", , , , , ,"('r', 19)", , , , ,"('r', 19)", , , , , , , , , , , , , , 
197, , ,"('r', 22)", , , , , , , , , , , , , , , , , , , , , , , , , , , , , , , , , , , , , , , ,"('r', 22)", , , , , ,"('r', 22)", , , , ,"('r', 22)", , , , , , , , , , , , , , 
198, , , ,"('s', 222)", , , , , , , , , , , , , , , , , , , , , , , , , , , , , , , , , , , , , , , , , , , , , , , , , , , , , , , , , , , , , , , , 
199, , , ,"('s', 223)", , , , , , , , , , , , , , , , , , , , , , , , , , , , , , , , , , , , , , , , , , , , , , , , , , , , , , , , , , , , , , , , 
200, , ,"('r', 9)", , , , , , ,"('r', 9)", , , , , , , , , , , , , , , , , , , , , , , , , , , , , , , , , , , , , , ,"('r', 9)", , , , ,"('r', 9)", , , , , , , , , , , , , , 
201, , ,"('r', 10)", , , , , , ,"('r', 10)", , , , , , , , , , , , , , , , , , , , , , , , , , , , , , , , , , , , , , ,"('r', 10)", , , , ,"('r', 10)", , , , , , , , , , , , , , 
202, , , , , , , , , ,"('r', 17)", , , , , , , , , , , , , , , , , , , , , , , , , , , , , , , , , , , , , , , , , , , , , , , , , , , , , , , , , , 
203, , ,"('r', 12)", , , , , , ,"('r', 12)", , , , , , , , , , , , , , , , , , , , , , , , , , , , , , , , , , , , , , ,"('r', 12)", , , , ,"('r', 12)", , , , , , , , , , , , , , 
204, , ,"('r', 7)", , , , , , ,"('r', 7)", , , , , , , , , , , , , , , , , , , , , , , , , , , , , , , , , , , , , , ,"('r', 7)", , , , ,"('r', 7)", , , , , , , , , , , , , , 
205, ,"('s', 201)","('s', 168)", ,"('s', 209)","('s', 207)", ,"('s', 204)","('s', 200)","('r', 16)","('s', 208)", ,"('s', 203)", , ,"('g', 224)", , , , , , , , , , , , , , , , , , , , , , , , , , , , , , , , ,"('s', 174)", , , , ,"('s', 175)","('g', 206)","('g', 205)", , , , , , , , , , , , 
206, , , , , , , , , ,"('r', 13)", , , , , , , , , , , , , , , , , , , , , , , , , , , , , , , , , , , , , , , , , , , , , , , , , , , , , , , , , , 
207, , ,"('r', 6)", , , , , , ,"('r', 6)", , , , , , , , , , , , , , , , , , , , , , , , , , , , , , , , , , , , , , ,"('r', 6)", , , , ,"('r', 6)", , , , , , , , , , , , , , 
208, , ,"('r', 11)", , , , , , ,"('r', 11)", , , , , , , , , , , , , , , , , , , , , , , , , , , , , , , , , , , , , , ,"('r', 11)", , , , ,"('r', 11)", , , , , , , , , , , , , , 
209, , ,"('r', 8)", , , , , , ,"('r', 8)", , , , , , , , , , , , , , , , , , , , , , , , , , , , , , , , , , , , , , ,"('r', 8)", , , , ,"('r', 8)", , , , , , , , , , , , , , 
210, , ,"('s', 168)", , , , , , , , , , , , , , , , , , , , , , , , , , , , , , , , , , , , , , , , , , , , , ,"('s', 174)", , , , ,"('s', 175)", ,"('g', 225)", , , , , , , , , , , , 
211, , , , , , , , , , , , , , , , , , , , , , , , , ,"('r', 73)","('r', 73)", , ,"('r', 73)", , , , ,"('r', 73)", , , , , , ,"('r', 73)", , , , , , ,"('r', 73)","('r', 73)","('r', 73)", , , , , ,"('r', 73)","('r', 73)","('r', 73)", , , , , , ,"('r', 73)","('r', 73)","('r', 73)"
212, , ,"('s', 226)", , , , , , , , , , , , , , , , , , , , , , , , , , , , , , , , , , , , , , , , , , , , , , , , , , , , , , , , , , , , , , , , , 
213, , , ,"('s', 227)", , , , , , , , , , , , , , , , , , , , , , , , , , , , , , , , , , , , , , , , , , , , , , , , , , , , , , , , , , , , , , , , 
214, , , ,"('s', 228)", , , , , , , , , , , , , , , , , , , , , , , , , , , , , , , , , , , , , , , , , , , , , , , , , , , , , , , , , , , , , , , , 
215, , , ,"('r', 30)", , ,"('r', 30)", , , , , , , , , , , , , , , , , , , , , , , , , , , , , , , , , , , , , , , , , , , , , , , , , , , , , , , , , , , , , 
216, , , , , , ,"('r', 52)", , ,"('r', 52)", , , , , , , , , , , , , , , , , , , , , , , , , , , , , , , , , , , , , , , , , , , , , , , , , , , , , , , , , , 
217, , , , , , , , , ,"('s', 229)", , , , , , , , , , , , , , , , , , , , , , , , , , , , , , , , , , , , , , , , , , , , , , , , , , , , , , , , , , 
218, , , , , , , , , ,"('s', 230)", , , , , , , , , , , , , , , , , , , , , , , , , , , , , , , , , , , , , , , , , , , , , , , , , , , , , , , , , , 
219, , , , , , ,"('s', 14)", , ,"('r', 46)", , , , , , , , , , , , , , , , , , , , , , , ,"('g', 231)", , , , , , , , , , , , , , , , , , , , , , , , , , , , , , , , , , 
220, , , , , , , , , , , , , , , , , , , , , , , , , ,"('r', 47)","('r', 47)", , ,"('r', 47)", , , , ,"('r', 47)", , , , , , ,"('r', 47)", , , , , , ,"('r', 47)","('r', 47)","('r', 47)", , , , , ,"('r', 47)","('r', 47)","('r', 47)", , , , , , ,"('r', 47)","('r', 47)","('r', 47)"
221, ,"('s', 160)", , ,"('s', 163)","('s', 165)", ,"('s', 161)","('s', 166)", , ,"('s', 159)", , , , , , , , ,"('g', 232)", , ,"('g', 233)", , , , , , , , , , , , , , , , , , , , , , , , , , , , , , , , , , , , , , , , , , , , 
222, , , , , , , , , , , , , , , , , , , , , ,"('g', 236)", , , ,"('s', 241)","('s', 5)","('g', 235)", ,"('s', 244)","('g', 239)", , , ,"('s', 2)", , , , ,"('g', 238)", ,"('s', 243)", , , , , , ,"('s', 130)","('s', 237)","('s', 7)","('g', 248)","('g', 247)", , , ,"('s', 245)","('s', 250)","('s', 234)","('g', 242)", , ,"('g', 246)", ,"('g', 240)","('s', 251)","('s', 249)", 
223, ,"('r', 5)","('r', 5)", ,"('r', 5)","('r', 5)", ,"('r', 5)","('r', 5)","('r', 5)","('r', 5)", ,"('r', 5)", , , , , , , , , , , , , , , , , , , , , , , , , , , , , , , , , , , ,"('r', 5)", , , , ,"('r', 5)", , , , , , , , , , , , , , 
224, , , , , , , , , ,"('r', 14)", , , , , , , , , , , , , , , , , , , , , , , , , , , , , , , , , , , , , , , , , , , , , , , , , , , , , , , , , , 
225, ,"('s', 201)","('s', 168)", ,"('s', 209)","('s', 207)", ,"('s', 204)","('s', 200)","('r', 16)","('s', 208)", ,"('s', 203)", , ,"('g', 252)", , , , , , , , , , , , , , , , , , , , , , , , , , , , , , , , ,"('s', 174)", , , , ,"('s', 175)","('g', 210)","('g', 205)", , , , , , , , , , , , 
226, , ,"('s', 91)","('r', 36)", , , , , , , , , , , , , , , , , , , , , , , , ,"('g', 92)", , , , , , , ,"('g', 86)","('g', 253)", , , , ,"('s', 94)", , , , ,"('g', 88)","('s', 89)", , , , ,"('s', 90)", ,"('g', 93)", , , , , , , , , , , , 
227, , , , , , , , , ,"('s', 254)", , , , , , , , , , , , , , , , , , , , , , , , , , , , , , , , , , , , , , , , , , , , , , , , , , , , , , , , , , 
228, , , , , , , , , , , , , , , , , , , , , ,"('g', 122)", , , ,"('s', 129)","('s', 5)","('g', 121)", ,"('s', 138)","('g', 127)", , , ,"('s', 2)", , , , ,"('g', 132)", ,"('s', 125)", , , , , , ,"('s', 130)","('s', 131)","('s', 7)","('g', 133)","('g', 136)", , , ,"('s', 135)","('s', 134)","('s', 124)","('g', 128)", , ,"('g', 255)", ,"('g', 126)","('s', 137)","('s', 119)", 
229, , , , , , , , , , , , , , , , , , , , , , , , , ,"('r', 70)","('r', 70)", , ,"('r', 70)", , , , ,"('r', 70)", , , , , , ,"('r', 70)", , , , , , ,"('r', 70)","('r', 70)","('r', 70)", , , , , ,"('r', 70)","('r', 70)","('r', 70)", , , , , , ,"('r', 70)","('r', 70)","('r', 70)"
230, , , , , , , , , , , , , , , , , , , , , ,"('g', 256)", , , , , , , , , , , , , , , , , , , , , , , , , , ,"('s', 257)", , , , , , , , , , , , , , , , , , , 
231, , , , , , , , , ,"('s', 258)", , , , , , , , , , , , , , , , , , , , , , , , , , , , , , , , , , , , , , , , , , , , , , , , , , , , , , , , , , 
232, , , , , , , , , ,"('r', 26)", , , , , , , , , , , , , , , , , , , , , , , , , , , , , , , , , , , , , , , , , , , , , , , , , , , , , , , , , , 
233, , ,"('s', 168)", , , , , , , , , , , , , , , , , , , , , ,"('g', 259)", , , ,"('g', 173)", , , , , , , ,"('g', 194)", , , , , ,"('s', 172)", , , , ,"('g', 171)","('s', 174)", , , , ,"('s', 175)", ,"('g', 169)", , , , , , , , , , , , 
234, , ,"('s', 260)", , , , , , , , , , , , , , , , , , , , , , , , , , , , , , , , , , , , , , , , , , , , , , , , , , , , , , , , , , , , , , , , , 
235, , , , , , , , , , , , , , , , , , , , , , , , , , , , , , , , , , , ,"('r', 64)", , , , , , , , , , , , , , , , , , , , , , , , , , , , , , , , 
236, , , , , , , , , ,"('s', 261)", , , , , , , , , , , , , , , , , , , , , , , , , , , , , , , , , , , , , , , , , , , , , , , , , , , , , , , , , , 
237, , ,"('s', 262)", , , , , , , , , , , , , , , , , , , , , , , , , , , , , , , , , , , , , , , , , , , , , , , , , , , , , , , , , , , , , , , , , 
238, , , , , , , , , , , , , , , , , , , , , , , , , , , , , , , , , , , ,"('r', 60)", , , , , , , , , , , , , , , , , , , , , , , , , , , , , , , , 
239, , , , , , , , , , , , , , , , , , , , , , , , , , , , , , , , , , , ,"('r', 65)", , , , , , , , , , , , , , , , , , , , , , , , , , , , , , , , 
240, , , , , , , , , , , , , , , , , , , , , , , , , , , , , , , , ,"('g', 263)", , , , , , , , , , , , , , , ,"('s', 11)", , , , , , , , , , , , , , , , , , , 
241, , , , , , , , , ,"('s', 264)", , , , , , , , , , , , , , , , , , , , , , , , , , , , , , , , , , , , , , , , , , , , , , , , , , , , , , , , , , 
242, , , , , , , , , , , , , , , , , , , , , , , , , , , , , , , , , , , ,"('r', 62)", , , , , , , , , , , , , , , , , , , , , , , , , , , , , , , , 
243, , ,"('s', 265)", , , , , , , , , , , , , , , , , , , , , , , , , , , , , , , , , , , , , , , , , , , , , , , , , , , , , , , , , , , , , , , , , 
244, , , , , , , , , ,"('s', 266)", , , , , , , , , , , , , , , , , , , , , , , , , , , , , , , , , , , , , , , , , , , , , , , , , , , , , , , , , , 
245, , ,"('s', 267)", , , , , , , , , , , , , , , , , , , , , , , , , , , , , , , , , , , , , , , , , , , , , , , , , , , , , , , , , , , , , , , , , 
246, , , , , , , , , , , , , , , , , , , , , , , , , , , , , , , , , , , ,"('s', 268)", , , , , , , , , , , , , , , , , , , , , , , , , , , , , , , , 
247, , , , , , , , , , , , , , , , , , , , , , , , , , , , , , , , , , , ,"('r', 61)", , , , , , , , , , , , , , , , , , , , , , , , , , , , , , , , 
248, , , , , , , , , , , , , , , , , , , , , , , , , , , , , , , , , , , ,"('r', 63)", , , , , , , , , , , , , , , , , , , , , , , , , , , , , , , , 
249, , , , , , , , , , , , , , , , , , , , , ,"('g', 122)", , , ,"('s', 129)","('s', 5)","('g', 121)", ,"('s', 138)","('g', 127)", , , ,"('s', 2)", , , , ,"('g', 132)", ,"('s', 125)", , , , , , ,"('s', 130)","('s', 131)","('s', 7)","('g', 133)","('g', 136)", , , ,"('s', 135)","('s', 134)","('s', 124)","('g', 128)", , ,"('g', 123)","('g', 269)","('g', 126)","('s', 137)","('s', 119)","('r', 67)"
250, , ,"('s', 168)", , , , , , , , , , , , , , , , , , , , , , , , , ,"('g', 173)", , , , , , , ,"('g', 270)", , , , , ,"('s', 172)", , , , ,"('g', 171)","('s', 174)", , , , ,"('s', 175)", ,"('g', 169)", , , , , , , , , , , , 
251, , ,"('s', 271)", , , , , , , , , , , , , , , , , , , , , , , , , , , , , , , , , , , , , , , , , , , , , , , , , , , , , , , , , , , , , , , , , 
252, , , , , , , , , ,"('r', 15)", , , , , , , , , , , , , , , , , , , , , , , , , , , , , , , , , , , , , , , , , , , , , , , , , , , , , , , , , , 
253, , , ,"('s', 272)", , , , , , , , , , , , , , , , , , , , , , , , , , , , , , , , , , , , , , , , , , , , , , , , , , , , , , , , , , , , , , , , 
254, , , , , , , , , , , , , , , , , , , , , , , , , ,"('r', 69)","('r', 69)", , ,"('r', 69)", , , , ,"('r', 69)", , , , , , ,"('r', 69)", , , , , , ,"('r', 69)","('r', 69)","('r', 69)", , , , , ,"('r', 69)","('r', 69)","('r', 69)", , , , , , ,"('r', 69)","('r', 69)","('r', 69)"
255, , , , , , , , , , , , , , , , , , , , , , , , , ,"('r', 75)","('r', 75)", , ,"('r', 75)", , , , ,"('r', 75)", , , , , , ,"('r', 75)", , , , , , ,"('r', 75)","('r', 75)","('r', 75)", , , , , ,"('r', 75)","('r', 75)","('r', 75)", , , , , , ,"('r', 75)","('r', 75)","('r', 75)"
256, , , ,"('s', 273)", , , , , , , , , , , , , , , , , , , , , , , , , , , , , , , , , , , , , , , , , , , , , , , , , , , , , , , , , , , , , , , , 
257, ,"('s', 160)", , ,"('s', 163)","('s', 165)", ,"('s', 161)","('s', 166)", , ,"('s', 159)", ,"('s', 276)", , , , , , , , ,"('g', 274)","('g', 275)", , , , , , , , , , , , , , , , , , , , , , , , , , , , , , , , , , , , , , , , , , , , 
258, , ,"('r', 47)", , , , , , , , , , , , , , , , , , , , , , , , , , , , , , , , , , , , , , , ,"('r', 47)", , , , , ,"('r', 47)", , , , ,"('r', 47)", , , , , , , , , , , , , , 
259, , , , , , , , , ,"('r', 27)", , , , , , , , , , , , , , , , , , , , , , , , , , , , , , , , , , , , , , , , , , , , , , , , , , , , , , , , , , 
260, , , , , , , , , , , , , , , , , , , , , , , , , , , , , , , , , , , , , , , , , , , , , , , , ,"('s', 277)", , , , , , , , , , , , , , , , , , , 
261, , , , , , , , , , , , , , , , , , , , , , , , , , , , , , , , , , , ,"('r', 68)", , , , , , , , , , , , , , , , , , , , , , , , , , , , , , , , 
262, , ,"('s', 39)", , , , , , , , , , , , , , , , , , , , , , , , , ,"('g', 41)", , , , , , , ,"('g', 278)", , , , , ,"('s', 40)", , , , ,"('g', 35)","('s', 36)", , , , ,"('s', 34)", ,"('g', 37)", , , , , , , , , , , , 
263, , , , , , ,"('s', 14)", , ,"('r', 46)", , , , , , , , , , , , , , , , , , , , , , , ,"('g', 279)", , , , , , , , , , , , , , , , , , , , , , , , , , , , , , , , , , 
264, , , , , , , , , , , , , , , , , , , , , , , , , , , , , , , , , , , ,"('r', 72)", , , , , , , , , , , , , , , , , , , , , , , , , , , , , , , , 
265, , , , , , , , , , , , , , , , , , , , , , , , , , ,"('s', 5)", , , ,"('g', 280)", , , ,"('s', 2)", , , , , , , , , , , , , , , ,"('s', 7)", , , , , , , , , , , , , ,"('g', 187)", , , 
266, , , , , , , , , , , , , , , , , , , , , , , , , , , , , , , , , , , ,"('r', 71)", , , , , , , , , , , , , , , , , , , , , , , , , , , , , , , , 
267, , ,"('s', 39)", , , , , , , , , , , , , , , , , , , , , , , , , ,"('g', 41)", , , , , , , ,"('g', 281)", , , , , ,"('s', 40)", , , , ,"('g', 35)","('s', 36)", , , , ,"('s', 34)", ,"('g', 37)", , , , , , , , , , , , 
268, , , , , , , , , , , , , , , , , , , , , ,"('g', 122)", , , ,"('s', 129)","('s', 5)","('g', 121)", ,"('s', 138)","('g', 127)", , , ,"('s', 2)", , , , ,"('g', 132)", ,"('s', 125)", , , , , , ,"('s', 130)","('s', 131)","('s', 7)","('g', 133)","('g', 136)", , , ,"('s', 135)","('s', 134)","('s', 124)","('g', 128)", , ,"('g', 282)", ,"('g', 126)","('s', 137)","('s', 119)", 
269, , , , , , , , , , , , , , , , , , , , , , , , , , , , , , , , , , , , , , , , , , , , , , , , , , , , , , , , , , , , , , , , , , , ,"('s', 283)"
270, , , , , , , , , ,"('s', 284)", , , , , , , , , , , , , , , , , , , , , , , , , , , , , , , , , , , , , , , , , , , , , , , , , , , , , , , , , , 
271, , ,"('s', 39)", , , , , , , , , , , , , , , , , , , , , , , , , ,"('g', 41)", , , , , , , ,"('g', 285)", , , , , ,"('s', 40)", , , , ,"('g', 35)","('s', 36)", , , , ,"('s', 34)", ,"('g', 37)", , , , , , , , , , , , 
272, , , , , , , , , ,"('r', 30)", , , , , , , , , , , , , , , , , , , , , , , , , , , , , , , , , , , , , , , , , , , , , , , , , , , , , , , , , , 
273, , , , , , , , , , , , , , , , , , , , , ,"('g', 122)", , , ,"('s', 129)","('s', 5)","('g', 121)", ,"('s', 138)","('g', 127)", , , ,"('s', 2)", , , , ,"('g', 132)", ,"('s', 125)", , , , , , ,"('s', 130)","('s', 131)","('s', 7)","('g', 133)","('g', 136)", , , ,"('s', 135)","('s', 134)","('s', 124)","('g', 128)", , ,"('g', 286)", ,"('g', 126)","('s', 137)","('s', 119)", 
274, , , ,"('r', 24)", , , , , , , , , , , , , , , , , , , , , , , , , , , , , , , , , , , , , , , , , , , , , , , , , , , , , , , , , , , , , , , , 
275, , ,"('s', 39)", , , , , , , , , , , , , , , , , , , , , ,"('g', 289)", , , ,"('g', 41)", , , , , , , ,"('g', 288)", , , , , ,"('s', 40)", , , , ,"('g', 35)","('s', 287)", , , , ,"('s', 34)", ,"('g', 37)", , , , , , , , , , , , 
276, , , , , , , , , , , , , , , , , , , , , , , , , , , , , , , , , , , , , , , , , , , , , , , , , , , , , ,"('s', 290)", , , , , , , , , , , , , , 
277, , , ,"('s', 291)", , , , , , , , , , , , , , , , , , , , , , , , , , , , , , , , , , , , , , , , , , , , , , , , , , , , , , , , , , , , , , , , 
278, , , ,"('s', 292)", , , , , , , , , , , , , , , , , , , , , , , , , , , , , , , , , , , , , , , , , , , , , , , , , , , , , , , , , , , , , , , , 
279, , , , , , , , , ,"('s', 293)", , , , , , , , , , , , , , , , , , , , , , , , , , , , , , , , , , , , , , , , , , , , , , , , , , , , , , , , , , 
280, , ,"('s', 168)", , , , , , , , , , , , , , , , , , , , , , , , , ,"('g', 173)", , , , , , , ,"('g', 294)", , , , , ,"('s', 172)", , , , ,"('g', 171)","('s', 174)", , , , ,"('s', 175)", ,"('g', 169)", , , , , , , , , , , , 
281, , , ,"('s', 295)", , , , , , , , , , , , , , , , , , , , , , , , , , , , , , , , , , , , , , , , , , , , , , , , , , , , , , , , , , , , , , , , 
282, , , , , , , , , , , , , , , , , , , , , , , , , ,"('r', 74)","('r', 74)", , ,"('r', 74)", , , , ,"('r', 74)", , , , , , ,"('r', 74)", , , , , , ,"('r', 74)","('r', 74)","('r', 74)", , , , , ,"('r', 74)","('r', 74)","('r', 74)", , , , , , ,"('r', 74)","('r', 74)","('r', 74)"
283, , , , , , , , , , , , , , , , , , , , , , , , , , , , , , , , , , , ,"('r', 77)", , , , , , , , , , , , , , , , , , , , , , , , , , , , , , , , 
284, , , , , , , , , , , , , , , , , , , , , , , , , , , , , , , , , , , ,"('r', 73)", , , , , , , , , , , , , , , , , , , , , , , , , , , , , , , , 
285, , , ,"('s', 296)", , , , , , , , , , , , , , , , , , , , , , , , , , , , , , , , , , , , , , , , , , , , , , , , , , , , , , , , , , , , , , , , 
286, , , , , , , , , , , , , , , , , , , , , , , , , ,"('r', 76)","('r', 76)", , ,"('r', 76)", , , , ,"('r', 76)", , , , , , ,"('r', 76)", , , , , , ,"('r', 76)","('r', 76)","('r', 76)", , , , , ,"('r', 76)","('r', 76)","('r', 76)", , , , , , ,"('r', 76)","('r', 76)","('r', 76)"
287, , , ,"('r', 29)", , , , , , , , , , , , , , , , , , , , , , , , , , , , , , , , , , , , , , , , , , , , , , , , , , , , , , , , , , , , , , , , 
288, , , ,"('r', 28)", , , , , , , , , , , , , , , , , , , , , , , , , , , , , , , , , , , , , , , , , , , , , , , , , , , , , , , , , , , , , , , , 
289, , , ,"('r', 25)", , , , , , , , , , , , , , , , , , , , , , , , , , , , , , , , , , , , , , , , , , , , , , , , , , , , , , , , , , , , , , , , 
290, , , , , , , , , , , , , , ,"('s', 297)", , , , , , , , , , , , , , , , , , , , , , , , , , , , , , , , , , , , , , , , , , , , , , , , , , , , , 
291, , , , , , , , , ,"('s', 298)", , , , , , , , , , , , , , , , , , , , , , , , , , , , , , , , , , , , , , , , , , , , , , , , , , , , , , , , , , 
292, , , , , , , , , , , , , , , , , , , , , ,"('g', 236)", , , ,"('s', 241)","('s', 5)","('g', 235)", ,"('s', 244)","('g', 239)", , , ,"('s', 2)", , , , ,"('g', 238)", ,"('s', 243)", , , , , , ,"('s', 130)","('s', 237)","('s', 7)","('g', 248)","('g', 247)", , , ,"('s', 245)","('s', 250)","('s', 234)","('g', 242)", , ,"('g', 299)", ,"('g', 240)","('s', 251)","('s', 249)", 
293, , , , , , , , , , , , , , , , , , , , , , , , , , , , , , , , , , , ,"('r', 47)", , , , , , , , , , , , , , , , , , , , , , , , , , , , , , , , 
294, , , , , , , , , ,"('s', 300)", , , , , , , , , , , , , , , , , , , , , , , , , , , , , , , , , , , , , , , , , , , , , , , , , , , , , , , , , , 
295, , , , , , , , , ,"('s', 301)", , , , , , , , , , , , , , , , , , , , , , , , , , , , , , , , , , , , , , , , , , , , , , , , , , , , , , , , , , 
296, , , , , , , , , , , , , , , , , , , , , ,"('g', 236)", , , ,"('s', 241)","('s', 5)","('g', 235)", ,"('s', 244)","('g', 239)", , , ,"('s', 2)", , , , ,"('g', 238)", ,"('s', 243)", , , , , , ,"('s', 130)","('s', 237)","('s', 7)","('g', 248)","('g', 247)", , , ,"('s', 245)","('s', 250)","('s', 234)","('g', 242)", , ,"('g', 302)", ,"('g', 240)","('s', 251)","('s', 249)", 
297, ,"('s', 160)", , ,"('s', 163)","('s', 165)", ,"('s', 161)","('s', 166)", , ,"('s', 159)", , , , , , , , ,"('g', 304)", , ,"('g', 303)", , , , , , , , , , , , , , , , , , , , , , , , , , , , , , , , , , , , , , , , , , , , 
298, , , , , , , , , , , , , , , , , , , , , , , , , , , , , , , , , , , ,"('r', 70)", , , , , , , , , , , , , , , , , , , , , , , , , , , , , , , , 
299, , , , , , , , , , , , , , , , , , , , , , , , , , , , , , , , , , , ,"('s', 305)", , , , , , , , , , , , , , , , , , , , , , , , , , , , , , , , 
300, , , , , , , , , , , , , , , , , , , , , ,"('g', 306)", , , , , , , , , , , , , , , , , , , , , , , , , , ,"('s', 257)", , , , , , , , , , , , , , , , , , , 
301, , , , , , , , , , , , , , , , , , , , , , , , , , , , , , , , , , , ,"('r', 69)", , , , , , , , , , , , , , , , , , , , , , , , , , , , , , , , 
302, , , , , , , , , , , , , , , , , , , , , , , , , , , , , , , , , , , ,"('r', 75)", , , , , , , , , , , , , , , , , , , , , , , , , , , , , , , , 
303, , ,"('s', 39)", , , , , , , , , , , , , , , , , , , , , ,"('g', 307)", , , ,"('g', 41)", , , , , , , ,"('g', 288)", , , , , ,"('s', 40)", , , , ,"('g', 35)","('s', 287)", , , , ,"('s', 34)", ,"('g', 37)", , , , , , , , , , , , 
304, , , ,"('r', 26)", , , , , , , , , , , , , , , , , , , , , , , , , , , , , , , , , , , , , , , , , , , , , , , , , , , , , , , , , , , , , , , , 
305, , , , , , , , , , , , , , , , , , , , , ,"('g', 236)", , , ,"('s', 241)","('s', 5)","('g', 235)", ,"('s', 244)","('g', 239)", , , ,"('s', 2)", , , , ,"('g', 238)", ,"('s', 243)", , , , , , ,"('s', 130)","('s', 237)","('s', 7)","('g', 248)","('g', 247)", , , ,"('s', 245)","('s', 250)","('s', 234)","('g', 242)", , ,"('g', 308)", ,"('g', 240)","('s', 251)","('s', 249)", 
306, , , ,"('s', 309)", , , , , , , , , , , , , , , , , , , , , , , , , , , , , , , , , , , , , , , , , , , , , , , , , , , , , , , , , , , , , , , , 
307, , , ,"('r', 27)", , , , , , , , , , , , , , , , , , , , , , , , , , , , , , , , , , , , , , , , , , , , , , , , , , , , , , , , , , , , , , , , 
308, , , , , , , , , , , , , , , , , , , , , , , , , , , , , , , , , , , ,"('r', 74)", , , , , , , , , , , , , , , , , , , , , , , , , , , , , , , , 
309, , , , , , , , , , , , , , , , , , , , , ,"('g', 236)", , , ,"('s', 241)","('s', 5)","('g', 235)", ,"('s', 244)","('g', 239)", , , ,"('s', 2)", , , , ,"('g', 238)", ,"('s', 243)", , , , , , ,"('s', 130)","('s', 237)","('s', 7)","('g', 248)","('g', 247)", , , ,"('s', 245)","('s', 250)","('s', 234)","('g', 242)", , ,"('g', 310)", ,"('g', 240)","('s', 251)","('s', 249)", 
310, , , , , , , , , , , , , , , , , , , , , , , , , , , , , , , , , , , ,"('r', 76)", , , , , , , , , , , , , , , , , , , , , , , , , , , , , , , , 
